,School Name,Grade,Lottery Seats,Total Applications,Total Matches,Total Waitlisted,Match - No preference
0,Amidon-Bowen Elementary School,PK3,33,137,33,8,4
1,Amidon-Bowen Elementary School,PK4,17,47,17,4,4
2,Amidon-Bowen Elementary School,K,10,30,10,3,9
3,Amidon-Bowen Elementary School,1,0,17,0,6,0
4,Amidon-Bowen Elementary School,2,0,19,0,5,0
5,Amidon-Bowen Elementary School,3,0,12,0,4,0
6,Amidon-Bowen Elementary School,4,4,20,4,1,4
7,Amidon-Bowen Elementary School,5,0,14,0,7,0
8,Anacostia High School,9,90,90,14,0,13
9,Anacostia High School,10,14,20,6,0,5
10,Anacostia High School,11,11,10,5,0,5
11,Anacostia High School,12,5,4,1,0,1
12,Ballou High School,9,172,107,6,0,4
13,Ballou High School,10,34,23,12,0,10
14,Ballou High School,11,34,19,8,1,7
15,Ballou High School,12,18,8,4,0,4
16,Bancroft Elementary School,2,0,40,0,31,0
17,Bancroft Elementary School,3,0,36,0,27,0
18,Bancroft Elementary School,4,0,35,0,22,0
19,Bancroft Elementary School,5,0,17,0,9,0
20,Bancroft Elementary School - English Dominant,PK3,5,473,5,165,0
21,Bancroft Elementary School - English Dominant,PK4,3,203,3,127,0
22,Bancroft Elementary School - English Dominant,K,0,119,0,70,0
23,Bancroft Elementary School - English Dominant,1,0,65,0,45,0
24,Bancroft Elementary School - Spanish Dominant,PK3,22,132,22,53,0
25,Bancroft Elementary School - Spanish Dominant,PK4,13,51,13,19,5
26,Bancroft Elementary School - Spanish Dominant,K,0,28,0,19,0
27,Bancroft Elementary School - Spanish Dominant,1,0,17,0,11,0
28,Bard High School Early College DC (Bard DC),9,221,219,89,0,0
29,Bard High School Early College DC (Bard DC),10,20,20,6,0,0
30,Bard High School Early College DC (Bard DC),11,15,15,9,0,0
31,Barnard Elementary School,PK3,45,250,45,19,6
32,Barnard Elementary School,PK4,18,54,18,8,7
33,Barnard Elementary School,K,20,29,7,2,7
34,Barnard Elementary School,1,0,10,0,3,0
35,Barnard Elementary School,2,2,18,2,4,2
36,Barnard Elementary School,3,2,15,2,2,2
37,Barnard Elementary School,4,2,9,2,0,2
38,Barnard Elementary School,5,2,8,2,1,2
39,Barnard Elementary School - Equitable Access,PK3,12,0,4,0,0
40,Barnard Elementary School - Equitable Access,PK4,8,0,2,0,0
41,Beers Elementary School,PK3,36,65,16,0,6
42,Beers Elementary School,PK4,16,28,10,0,5
43,Beers Elementary School,K,25,18,4,0,3
44,Beers Elementary School,1,17,11,5,0,3
45,Beers Elementary School,2,15,11,3,0,3
46,Beers Elementary School,3,14,13,5,0,3
47,Beers Elementary School,4,15,10,2,0,2
48,Beers Elementary School,5,8,16,5,0,5
49,Benjamin Banneker High School,9,240,1150,240,63,0
50,Benjamin Banneker High School,10,15,85,0,0,0
51,Boone Elementary School,PK3,44,63,21,0,3
52,Boone Elementary School,PK4,17,26,9,0,3
53,Boone Elementary School,K,6,12,5,0,2
54,Boone Elementary School,1,6,12,4,0,2
55,Boone Elementary School,2,9,9,1,0,1
56,Boone Elementary School,3,10,10,4,0,2
57,Boone Elementary School,4,5,9,1,0,1
58,Boone Elementary School,5,6,7,3,0,3
59,Brent Elementary School,PK3,28,488,28,140,0
60,Brent Elementary School,PK4,1,204,1,122,0
61,Brent Elementary School,K,18,192,18,83,7
62,Brent Elementary School,1,0,94,0,58,0
63,Brent Elementary School,2,0,108,0,70,0
64,Brent Elementary School,3,0,81,0,45,0
65,Brent Elementary School,4,0,54,0,32,0
66,Brent Elementary School,5,5,48,5,19,4
67,Brightwood Elementary School,PK3,44,152,42,1,10
68,Brightwood Elementary School,PK4,25,53,25,1,8
69,Brightwood Elementary School,K,10,15,7,0,6
70,Brightwood Elementary School,1,7,9,4,0,3
71,Brightwood Elementary School,2,2,8,2,1,0
72,Brightwood Elementary School,3,12,15,7,0,7
73,Brightwood Elementary School,4,6,7,2,0,1
74,Brightwood Elementary School,5,15,8,4,0,4
75,Brookland Middle School,6,60,72,24,0,24
76,Brookland Middle School,7,10,39,10,1,10
77,Brookland Middle School,8,10,41,10,6,10
78,Browne Education Campus,PK3,28,53,16,1,2
79,Browne Education Campus,PK4,11,15,4,0,0
80,Browne Education Campus,K,15,11,0,0,0
81,Browne Education Campus,1,5,5,2,0,1
82,Browne Education Campus,2,4,6,3,0,2
83,Browne Education Campus,3,11,8,2,0,0
84,Browne Education Campus,4,11,11,2,0,0
85,Browne Education Campus,5,9,7,0,0,0
86,Browne Education Campus,6,30,23,7,0,7
87,Browne Education Campus,7,15,6,0,0,0
88,Browne Education Campus,8,7,9,3,0,3
89,Bruce-Monroe Elementary School @ Park View,2,5,11,5,2,4
90,Bruce-Monroe Elementary School @ Park View,3,2,13,2,5,2
91,Bruce-Monroe Elementary School @ Park View,4,2,12,2,3,2
92,Bruce-Monroe Elementary School @ Park View,5,2,7,0,0,0
93,Bruce-Monroe Elementary School @ Park View - English Dominant,PK3,19,234,19,32,0
94,Bruce-Monroe Elementary School @ Park View - English Dominant,PK4,1,75,1,33,0
95,Bruce-Monroe Elementary School @ Park View - English Dominant,K,2,32,2,8,2
96,Bruce-Monroe Elementary School @ Park View - English Dominant,1,6,14,6,3,6
97,Bruce-Monroe Elementary School @ Park View - Spanish Dominant,PK3,29,67,29,3,16
98,Bruce-Monroe Elementary School @ Park View - Spanish Dominant,PK4,2,10,2,5,1
99,Bruce-Monroe Elementary School @ Park View - Spanish Dominant,K,10,11,5,0,5
100,Bruce-Monroe Elementary School @ Park View - Spanish Dominant,1,6,1,1,0,1
101,Bunker Hill Elementary School,PK3,41,120,33,0,4
102,Bunker Hill Elementary School,PK4,16,26,8,0,3
103,Bunker Hill Elementary School,K,10,16,3,0,2
104,Bunker Hill Elementary School,1,5,13,4,0,3
105,Bunker Hill Elementary School,2,23,12,5,0,5
106,Bunker Hill Elementary School,3,5,8,2,1,2
107,Bunker Hill Elementary School,4,5,7,2,1,2
108,Bunker Hill Elementary School,5,2,10,0,0,0
109,Burroughs Elementary School,PK3,33,176,33,23,0
110,Burroughs Elementary School,PK4,13,42,13,5,2
111,Burroughs Elementary School,K,10,23,9,0,8
112,Burroughs Elementary School,1,9,12,6,0,5
113,Burroughs Elementary School,2,8,7,3,0,3
114,Burroughs Elementary School,3,25,12,4,1,4
115,Burroughs Elementary School,4,7,14,7,0,6
116,Burroughs Elementary School,5,1,4,1,1,1
117,Burrville Elementary School,PK3,35,36,8,0,1
118,Burrville Elementary School,PK4,44,13,3,0,3
119,Burrville Elementary School,K,10,6,3,0,2
120,Burrville Elementary School,1,7,5,0,0,0
121,Burrville Elementary School,2,6,6,3,0,2
122,Burrville Elementary School,3,16,5,0,0,0
123,Burrville Elementary School,4,5,6,0,0,0
124,Burrville Elementary School,5,2,3,2,0,2
125,C.W. Harris Elementary School,PK3,21,67,17,0,2
126,C.W. Harris Elementary School,PK4,15,25,7,0,3
127,C.W. Harris Elementary School,K,15,12,1,0,1
128,C.W. Harris Elementary School,1,10,9,3,0,1
129,C.W. Harris Elementary School,2,10,4,0,0,0
130,C.W. Harris Elementary School,3,8,2,2,0,2
131,C.W. Harris Elementary School,4,9,9,3,0,3
132,C.W. Harris Elementary School,5,0,9,0,3,0
133,Capitol Hill Montessori,PK3,45,741,45,147,28
134,Capitol Hill Montessori,PK4,5,266,5,114,5
135,Capitol Hill Montessori,K,0,160,0,54,0
136,Capitol Hill Montessori,1,5,131,5,60,2
137,Capitol Hill Montessori,2,2,98,2,43,2
138,Capitol Hill Montessori,3,2,104,2,42,0
139,Capitol Hill Montessori,4,4,69,4,34,4
140,Capitol Hill Montessori,5,5,77,5,16,4
141,Capitol Hill Montessori,6,20,147,20,33,20
142,Capitol Hill Montessori,7,10,70,10,22,9
143,Capitol Hill Montessori,8,5,57,5,30,5
144,Capitol Hill Montessori - Equitable Access,PK3,11,0,11,8,6
145,Capitol Hill Montessori - Equitable Access,PK4,2,0,2,17,0
146,Cardozo Education Campus,6,40,59,26,0,24
147,Cardozo Education Campus,7,5,19,5,0,4
148,Cardozo Education Campus,8,7,13,3,0,3
149,Cardozo Education Campus,9,100,183,36,2,36
150,Cardozo Education Campus,10,20,43,10,0,9
151,Cardozo Education Campus,11,20,24,8,0,8
152,Cardozo Education Campus,12,18,20,7,1,7
153,Cleveland Elementary School,PK3,18,90,17,0,10
154,Cleveland Elementary School,PK4,8,26,8,1,2
155,Cleveland Elementary School,K,10,12,2,0,1
156,Cleveland Elementary School,1,7,7,2,0,2
157,Cleveland Elementary School,2,5,5,3,0,2
158,Cleveland Elementary School,3,5,8,4,0,4
159,Cleveland Elementary School,4,5,6,2,0,2
160,Cleveland Elementary School,5,3,8,2,0,2
161,Cleveland Elementary School (Dual Language),2,2,7,2,2,1
162,Cleveland Elementary School (Dual Language),3,2,11,2,4,1
163,Cleveland Elementary School (Dual Language),4,2,11,2,3,2
164,Cleveland Elementary School (Dual Language),5,0,3,0,0,0
165,Cleveland Elementary School (Dual Language) - English Dominant,PK3,6,91,6,14,0
166,Cleveland Elementary School (Dual Language) - English Dominant,PK4,4,30,4,7,3
167,Cleveland Elementary School (Dual Language) - English Dominant,K,5,32,5,5,2
168,Cleveland Elementary School (Dual Language) - English Dominant,1,7,13,7,0,3
169,Cleveland Elementary School (Dual Language) - Spanish Dominant,PK3,7,39,7,1,2
170,Cleveland Elementary School (Dual Language) - Spanish Dominant,PK4,4,6,2,1,2
171,Cleveland Elementary School (Dual Language) - Spanish Dominant,K,5,5,1,0,0
172,Cleveland Elementary School (Dual Language) - Spanish Dominant,1,7,2,1,0,0
173,Columbia Heights Education Campus 6-8 (CHEC),6,100,65,29,0,29
174,Columbia Heights Education Campus 6-8 (CHEC),7,40,25,13,0,11
175,Columbia Heights Education Campus 6-8 (CHEC),8,20,28,15,0,15
176,Columbia Heights Education Campus 9-12 (CHEC),9,300,259,88,0,0
177,Columbia Heights Education Campus 9-12 (CHEC),10,20,22,10,0,0
178,Columbia Heights Education Campus 9-12 (CHEC),11,20,26,19,1,0
179,Columbia Heights Education Campus 9-12 (CHEC),12,10,12,5,0,0
180,Coolidge High School,9,200,414,129,1,116
181,Coolidge High School,10,75,61,28,0,28
182,Coolidge High School,11,20,47,20,9,18
183,Coolidge High School,12,10,25,9,0,9
184,Deal Middle School,6,0,410,0,174,0
185,Deal Middle School,7,0,177,0,125,0
186,Deal Middle School,8,0,153,0,104,0
187,Dorothy I. Height Elementary School,PK3,58,221,54,2,48
188,Dorothy I. Height Elementary School,PK4,16,32,6,0,6
189,Dorothy I. Height Elementary School,K,40,28,10,0,5
190,Dorothy I. Height Elementary School,1,20,10,3,0,2
191,Dorothy I. Height Elementary School,2,10,10,1,0,1
192,Dorothy I. Height Elementary School,3,15,12,4,0,4
193,Dorothy I. Height Elementary School,4,18,13,6,0,6
194,Dorothy I. Height Elementary School,5,10,9,4,0,3
195,Dorothy I. Height Elementary School - Equitable Access,PK3,15,0,8,0,4
196,Dorothy I. Height Elementary School - Equitable Access,PK4,8,0,2,0,2
197,Drew Elementary School,PK3,21,35,8,0,2
198,Drew Elementary School,PK4,15,7,0,0,0
199,Drew Elementary School,K,13,5,1,0,0
200,Drew Elementary School,1,6,1,0,0,0
201,Drew Elementary School,2,10,5,2,0,1
202,Drew Elementary School,3,5,4,0,0,0
203,Drew Elementary School,4,5,4,0,0,0
204,Drew Elementary School,5,3,1,0,0,0
205,Duke Ellington School of the Arts - Dance program,9,19,100,9,0,0
206,Duke Ellington School of the Arts - Dance program,10,1,6,0,0,0
207,Duke Ellington School of the Arts - Dance program,11,0,3,0,0,0
208,Duke Ellington School of the Arts - Dance program,12,0,2,0,0,0
209,Duke Ellington School of the Arts - Instrumental Music program,9,31,80,21,0,0
210,Duke Ellington School of the Arts - Instrumental Music program,10,7,10,4,0,0
211,Duke Ellington School of the Arts - Instrumental Music program,11,2,3,2,0,0
212,Duke Ellington School of the Arts - Instrumental Music program,12,0,2,0,1,0
213,Duke Ellington School of the Arts - Literary Media and Communications program,9,27,55,15,0,0
214,Duke Ellington School of the Arts - Literary Media and Communications program,10,6,11,5,0,0
215,Duke Ellington School of the Arts - Literary Media and Communications program,11,0,2,0,0,0
216,Duke Ellington School of the Arts - Literary Media and Communications program,12,0,0,0,0,0
217,Duke Ellington School of the Arts - Museum Studies program,9,21,42,14,0,0
218,Duke Ellington School of the Arts - Museum Studies program,10,4,4,3,0,0
219,Duke Ellington School of the Arts - Museum Studies program,11,0,0,0,0,0
220,Duke Ellington School of the Arts - Museum Studies program,12,0,0,0,0,0
221,Duke Ellington School of the Arts - Technical Design and Production program,9,22,60,21,0,0
222,Duke Ellington School of the Arts - Technical Design and Production program,10,0,3,0,0,0
223,Duke Ellington School of the Arts - Technical Design and Production program,11,0,2,0,0,0
224,Duke Ellington School of the Arts - Technical Design and Production program,12,0,0,0,0,0
225,Duke Ellington School of the Arts - Theater program,9,20,122,14,0,0
226,Duke Ellington School of the Arts - Theater program,10,0,18,0,1,0
227,Duke Ellington School of the Arts - Theater program,11,0,3,0,0,0
228,Duke Ellington School of the Arts - Theater program,12,0,1,0,0,0
229,Duke Ellington School of the Arts - Visual Arts program,9,32,206,24,0,0
230,Duke Ellington School of the Arts - Visual Arts program,10,0,10,0,0,0
231,Duke Ellington School of the Arts - Visual Arts program,11,0,4,0,0,0
232,Duke Ellington School of the Arts - Visual Arts program,12,0,1,0,0,0
233,Duke Ellington School of the Arts - Vocal Music program,9,30,64,16,0,0
234,Duke Ellington School of the Arts - Vocal Music program,10,3,9,1,0,0
235,Duke Ellington School of the Arts - Vocal Music program,11,0,2,0,0,0
236,Duke Ellington School of the Arts - Vocal Music program,12,0,2,0,0,0
237,Dunbar High School,9,250,536,170,2,153
238,Dunbar High School,10,100,80,41,0,38
239,Dunbar High School,11,25,53,25,3,25
240,Dunbar High School,12,10,29,10,7,10
241,Early College Academy at Coolidge High School,9,40,179,37,0,0
242,Early College Academy at Coolidge High School,10,0,10,0,0,0
243,Eastern High School,9,220,352,95,0,87
244,Eastern High School,10,50,68,27,0,26
245,Eastern High School,11,35,47,19,0,19
246,Eastern High School,12,13,21,9,0,9
247,Eaton Elementary School,PK4,39,278,39,109,0
248,Eaton Elementary School,K,15,132,15,62,13
249,Eaton Elementary School,1,10,93,10,57,8
250,Eaton Elementary School,2,1,105,1,75,0
251,Eaton Elementary School,3,4,79,4,49,4
252,Eaton Elementary School,4,2,75,2,56,2
253,Eaton Elementary School,5,2,50,2,21,2
254,Eliot-Hine Middle School,6,50,88,43,0,39
255,Eliot-Hine Middle School,7,7,25,7,1,7
256,Eliot-Hine Middle School,8,10,28,10,4,9
257,Excel Academy,PK3,34,34,4,0,2
258,Excel Academy,PK4,30,8,0,1,0
259,Excel Academy,K,20,11,3,0,2
260,Excel Academy,1,10,6,0,0,0
261,Excel Academy,2,15,10,4,0,2
262,Excel Academy,3,8,6,2,0,2
263,Excel Academy,4,17,12,5,0,4
264,Excel Academy,5,14,10,1,0,1
265,Excel Academy,6,30,35,12,0,12
266,Excel Academy,7,14,21,8,0,7
267,Excel Academy,8,10,8,5,0,5
268,Excel Academy - Equitable Access,PK3,12,0,5,0,4
269,Excel Academy - Equitable Access,PK4,10,0,2,0,0
270,Garfield Elementary School,PK3,22,41,7,0,0
271,Garfield Elementary School,PK4,8,14,3,0,1
272,Garfield Elementary School,K,20,11,2,0,1
273,Garfield Elementary School,1,11,3,0,0,0
274,Garfield Elementary School,2,8,4,2,0,2
275,Garfield Elementary School,3,3,3,0,0,0
276,Garfield Elementary School,4,3,3,2,0,2
277,Garfield Elementary School,5,2,3,0,0,0
278,Garrison Elementary School,PK3,26,285,26,74,0
279,Garrison Elementary School,PK4,5,84,5,41,0
280,Garrison Elementary School,K,0,51,0,18,0
281,Garrison Elementary School,1,3,28,3,7,3
282,Garrison Elementary School,2,7,21,7,7,7
283,Garrison Elementary School,3,5,17,5,2,5
284,Garrison Elementary School,4,3,19,3,8,3
285,Garrison Elementary School,5,3,11,3,3,3
286,Garrison Elementary School - Equitable Access,PK3,7,0,3,0,0
287,Garrison Elementary School - Equitable Access,PK4,1,0,1,1,0
288,H.D. Cooke Elementary School,PK3,19,205,19,44,0
289,H.D. Cooke Elementary School,PK4,23,53,23,5,12
290,H.D. Cooke Elementary School,K,25,27,11,0,11
291,H.D. Cooke Elementary School,1,3,4,3,0,3
292,H.D. Cooke Elementary School,2,6,4,2,0,2
293,H.D. Cooke Elementary School,3,3,5,3,0,3
294,H.D. Cooke Elementary School,4,3,5,1,0,1
295,H.D. Cooke Elementary School,5,3,3,1,0,1
296,H.D. Cooke Elementary School - Equitable Access,PK3,7,0,7,4,0
297,H.D. Cooke Elementary School - Equitable Access,PK4,11,0,7,0,0
298,Hardy Middle School,6,25,275,25,102,23
299,Hardy Middle School,7,5,124,5,82,5
300,Hardy Middle School,8,5,112,5,78,5
301,Hart Middle School,6,25,26,12,0,12
302,Hart Middle School,7,5,11,5,0,5
303,Hart Middle School,8,5,6,4,0,4
304,Hearst Elementary School,PK4,37,260,37,93,1
305,Hearst Elementary School,K,0,111,0,62,0
306,Hearst Elementary School,1,0,66,0,45,0
307,Hearst Elementary School,2,0,81,0,58,0
308,Hearst Elementary School,3,0,68,0,50,0
309,Hearst Elementary School,4,0,57,0,48,0
310,Hearst Elementary School,5,0,51,0,21,0
311,Hendley Elementary School,PK3,25,17,3,0,0
312,Hendley Elementary School,PK4,28,7,2,0,1
313,Hendley Elementary School,K,13,3,1,0,1
314,Hendley Elementary School,1,5,0,0,0,0
315,Hendley Elementary School,2,5,5,0,0,0
316,Hendley Elementary School,3,9,5,1,0,1
317,Hendley Elementary School,4,9,5,0,0,0
318,Hendley Elementary School,5,5,4,1,0,1
319,Houston Elementary School,2,5,4,1,0,1
320,Houston Elementary School,3,5,4,0,0,0
321,Houston Elementary School,4,5,1,1,0,1
322,Houston Elementary School,5,5,4,0,0,0
323,Houston Elementary School - English Dominant,PK3,22,56,16,0,5
324,Houston Elementary School - English Dominant,PK4,9,11,4,0,1
325,Houston Elementary School - English Dominant,K,3,8,2,0,2
326,Houston Elementary School - English Dominant,1,0,6,0,0,0
327,Houston Elementary School - Spanish Dominant,PK3,6,3,1,0,0
328,Houston Elementary School - Spanish Dominant,PK4,2,1,1,0,0
329,Houston Elementary School - Spanish Dominant,K,2,0,0,0,0
330,Houston Elementary School - Spanish Dominant,1,0,0,0,0,0
331,Hyde-Addison Elementary School,PK3,13,206,13,100,0
332,Hyde-Addison Elementary School,PK4,24,128,24,45,4
333,Hyde-Addison Elementary School,K,20,77,20,20,18
334,Hyde-Addison Elementary School,1,5,49,5,27,4
335,Hyde-Addison Elementary School,2,0,49,0,32,0
336,Hyde-Addison Elementary School,3,7,43,7,19,7
337,Hyde-Addison Elementary School,4,0,38,0,26,0
338,Hyde-Addison Elementary School,5,0,38,0,15,0
339,Ida B. Wells Middle School,6,79,78,25,0,24
340,Ida B. Wells Middle School,7,5,21,5,1,4
341,Ida B. Wells Middle School,8,4,19,4,4,4
342,J.O. Wilson Elementary School,PK3,47,211,47,17,8
343,J.O. Wilson Elementary School,PK4,22,57,22,11,12
344,J.O. Wilson Elementary School,K,25,33,8,1,6
345,J.O. Wilson Elementary School,1,8,14,5,0,4
346,J.O. Wilson Elementary School,2,7,17,7,0,5
347,J.O. Wilson Elementary School,3,8,20,6,0,6
348,J.O. Wilson Elementary School,4,8,17,4,0,4
349,J.O. Wilson Elementary School,5,5,10,2,0,2
350,Jackson-Reed High School,9,0,717,0,244,0
351,Jackson-Reed High School,10,0,160,0,85,0
352,Jackson-Reed High School,11,0,119,0,80,0
353,Jackson-Reed High School,12,0,38,0,21,0
354,Janney Elementary School,PK4,78,399,78,150,0
355,Janney Elementary School,K,3,163,3,96,3
356,Janney Elementary School,1,0,113,0,80,0
357,Janney Elementary School,2,0,127,0,90,0
358,Janney Elementary School,3,0,96,0,70,0
359,Janney Elementary School,4,0,83,0,64,0
360,Janney Elementary School,5,0,65,0,29,0
361,Jefferson Middle School Academy,6,25,111,25,11,23
362,Jefferson Middle School Academy,7,4,60,4,21,4
363,Jefferson Middle School Academy,8,4,36,4,8,4
364,John Lewis Elementary School,PK3,33,330,33,75,0
365,John Lewis Elementary School,PK4,13,103,13,47,0
366,John Lewis Elementary School,K,20,51,20,13,18
367,John Lewis Elementary School,1,10,26,10,8,9
368,John Lewis Elementary School,2,6,20,6,9,6
369,John Lewis Elementary School,3,2,14,2,6,1
370,John Lewis Elementary School,4,3,16,3,6,3
371,John Lewis Elementary School,5,3,11,3,4,3
372,John Lewis Elementary School - Equitable Access,PK3,8,0,5,0,0
373,John Lewis Elementary School - Equitable Access,PK4,3,0,3,0,0
374,Johnson Middle School,6,30,20,6,0,6
375,Johnson Middle School,7,10,6,2,0,2
376,Johnson Middle School,8,10,11,7,0,7
377,Kelly Miller Middle School,6,20,16,6,0,5
378,Kelly Miller Middle School,7,5,7,2,0,1
379,Kelly Miller Middle School,8,5,10,3,0,3
380,Ketcham Elementary School,PK3,29,34,14,0,1
381,Ketcham Elementary School,PK4,31,15,4,0,1
382,Ketcham Elementary School,K,9,9,1,0,0
383,Ketcham Elementary School,1,5,3,1,0,0
384,Ketcham Elementary School,2,6,4,1,0,1
385,Ketcham Elementary School,3,4,4,0,0,0
386,Ketcham Elementary School,4,10,3,0,0,0
387,Ketcham Elementary School,5,5,3,0,0,0
388,Key Elementary School,PK4,59,210,59,72,6
389,Key Elementary School,K,12,82,12,34,12
390,Key Elementary School,1,5,41,5,19,5
391,Key Elementary School,2,0,55,0,37,0
392,Key Elementary School,3,0,47,0,26,0
393,Key Elementary School,4,0,34,0,27,0
394,Key Elementary School,5,0,33,0,16,0
395,Kimball Elementary School,PK3,35,72,15,0,4
396,Kimball Elementary School,PK4,20,30,13,0,4
397,Kimball Elementary School,K,11,13,1,1,1
398,Kimball Elementary School,1,10,9,2,0,2
399,Kimball Elementary School,2,1,13,1,2,0
400,Kimball Elementary School,3,15,5,3,0,2
401,Kimball Elementary School,4,20,9,3,0,3
402,Kimball Elementary School,5,5,9,4,0,4
403,King Elementary School,PK3,28,27,8,0,2
404,King Elementary School,PK4,45,9,6,0,0
405,King Elementary School,K,20,7,3,0,2
406,King Elementary School,1,4,2,0,0,0
407,King Elementary School,2,4,6,1,0,1
408,King Elementary School,3,7,3,1,0,1
409,King Elementary School,4,7,7,1,0,1
410,King Elementary School,5,2,2,1,0,1
411,Kramer Middle School,6,25,13,2,0,1
412,Kramer Middle School,7,10,2,1,0,1
413,Kramer Middle School,8,14,5,3,0,3
414,Lafayette Elementary School,PK4,58,329,58,138,0
415,Lafayette Elementary School,K,0,131,0,84,0
416,Lafayette Elementary School,1,0,101,0,68,0
417,Lafayette Elementary School,2,0,98,0,76,0
418,Lafayette Elementary School,3,0,83,0,63,0
419,Lafayette Elementary School,4,0,67,0,57,0
420,Lafayette Elementary School,5,0,62,0,28,0
421,Langdon Elementary School,PK3,19,84,19,4,3
422,Langdon Elementary School,PK4,11,25,8,1,4
423,Langdon Elementary School,K,10,8,3,0,1
424,Langdon Elementary School,1,6,9,3,0,3
425,Langdon Elementary School,2,9,10,4,0,3
426,Langdon Elementary School,3,12,5,2,0,2
427,Langdon Elementary School,4,4,8,2,0,2
428,Langdon Elementary School,5,4,3,1,0,1
429,Langdon Montessori,PK3,15,127,15,17,0
430,Langdon Montessori,PK4,2,24,2,6,0
431,Langdon Montessori,K,0,12,0,1,0
432,Langdon Montessori,1,0,13,0,5,0
433,Langdon Montessori,2,0,11,0,5,0
434,Langdon Montessori,3,0,9,0,3,0
435,Langdon Montessori,4,0,4,0,3,0
436,Langdon Montessori,5,0,2,0,0,0
437,Langley Elementary School,PK3,35,116,43,10,0
438,Langley Elementary School,PK4,26,33,14,1,7
439,Langley Elementary School,K,10,14,4,0,2
440,Langley Elementary School,1,7,10,6,1,5
441,Langley Elementary School,2,13,8,3,1,2
442,Langley Elementary School,3,10,10,6,0,6
443,Langley Elementary School,4,19,11,5,0,5
444,Langley Elementary School,5,2,2,0,0,0
445,LaSalle-Backus Elementary School,PK3,29,66,17,0,7
446,LaSalle-Backus Elementary School,PK4,10,19,8,0,3
447,LaSalle-Backus Elementary School,K,15,11,4,0,4
448,LaSalle-Backus Elementary School,1,6,1,1,0,1
449,LaSalle-Backus Elementary School,2,14,6,1,0,1
450,LaSalle-Backus Elementary School,3,8,4,0,0,0
451,LaSalle-Backus Elementary School,4,5,3,0,0,0
452,LaSalle-Backus Elementary School,5,3,3,0,0,0
453,Leckie Education Campus,PK3,24,41,17,0,2
454,Leckie Education Campus,PK4,19,16,9,0,2
455,Leckie Education Campus,K,25,10,3,0,2
456,Leckie Education Campus,1,14,5,2,0,0
457,Leckie Education Campus,2,6,5,3,0,2
458,Leckie Education Campus,3,6,2,0,0,0
459,Leckie Education Campus,4,5,10,3,0,2
460,Leckie Education Campus,5,4,7,4,1,2
461,Leckie Education Campus (6-8),6,10,30,10,2,9
462,Leckie Education Campus (6-8),7,23,11,2,0,2
463,Leckie Education Campus (6-8),8,6,5,3,0,3
464,Lorraine H. Whitlock Elementary School,PK3,28,22,7,0,0
465,Lorraine H. Whitlock Elementary School,PK4,31,3,0,0,0
466,Lorraine H. Whitlock Elementary School,K,10,2,1,0,1
467,Lorraine H. Whitlock Elementary School,1,8,3,0,0,0
468,Lorraine H. Whitlock Elementary School,2,5,0,0,0,0
469,Lorraine H. Whitlock Elementary School,3,5,0,0,0,0
470,Lorraine H. Whitlock Elementary School,4,3,1,0,0,0
471,Lorraine H. Whitlock Elementary School,5,4,0,0,0,0
472,Ludlow-Taylor Elementary School,PK3,44,417,44,112,0
473,Ludlow-Taylor Elementary School,PK4,14,147,14,79,0
474,Ludlow-Taylor Elementary School,K,15,94,15,31,9
475,Ludlow-Taylor Elementary School,1,4,63,4,34,0
476,Ludlow-Taylor Elementary School,2,7,52,7,24,5
477,Ludlow-Taylor Elementary School,3,12,55,12,19,10
478,Ludlow-Taylor Elementary School,4,12,36,12,8,12
479,Ludlow-Taylor Elementary School,5,5,19,5,6,5
480,MacArthur High School,9,63,435,63,108,0
481,MacArthur High School,10,43,75,43,11,29
482,MacArthur High School - Equitable Access,9,12,0,12,23,7
483,MacArthur High School - Equitable Access,10,2,0,2,14,0
484,MacFarland Middle School,6,47,47,14,0,14
485,MacFarland Middle School,7,10,15,7,0,7
486,MacFarland Middle School,8,10,16,8,0,8
487,Malcolm X Elementary School @ Green,PK3,27,39,7,0,1
488,Malcolm X Elementary School @ Green,PK4,20,16,2,0,1
489,Malcolm X Elementary School @ Green,K,25,11,0,0,0
490,Malcolm X Elementary School @ Green,1,12,13,4,0,2
491,Malcolm X Elementary School @ Green,2,6,8,1,0,1
492,Malcolm X Elementary School @ Green,3,6,5,0,0,0
493,Malcolm X Elementary School @ Green,4,11,13,2,0,2
494,Malcolm X Elementary School @ Green,5,5,4,1,0,1
495,Mann Elementary School,PK4,36,258,36,111,0
496,Mann Elementary School,K,7,102,7,52,6
497,Mann Elementary School,1,3,61,3,39,3
498,Mann Elementary School,2,3,84,3,60,1
499,Mann Elementary School,3,0,66,0,50,0
500,Mann Elementary School,4,3,50,3,41,3
501,Mann Elementary School,5,0,49,0,20,0
502,Marie Reed Elementary School,PK3,14,303,14,97,0
503,Marie Reed Elementary School,PK4,4,104,4,48,0
504,Marie Reed Elementary School,K,3,55,3,26,2
505,Marie Reed Elementary School,1,0,32,0,14,0
506,Marie Reed Elementary School,2,3,15,3,7,3
507,Marie Reed Elementary School,3,0,14,0,6,0
508,Marie Reed Elementary School,4,0,17,0,12,0
509,Marie Reed Elementary School,5,0,14,0,5,0
510,Marie Reed Elementary School (Dual Language),2,0,25,0,15,0
511,Marie Reed Elementary School (Dual Language),3,3,16,3,7,2
512,Marie Reed Elementary School (Dual Language),4,5,22,5,12,4
513,Marie Reed Elementary School (Dual Language),5,2,5,2,1,1
514,Marie Reed Elementary School (Dual Language) - English Dominant,PK3,15,289,15,106,0
515,Marie Reed Elementary School (Dual Language) - English Dominant,PK4,3,140,3,90,0
516,Marie Reed Elementary School (Dual Language) - English Dominant,K,5,64,5,30,4
517,Marie Reed Elementary School (Dual Language) - English Dominant,1,0,38,0,21,0
518,Marie Reed Elementary School (Dual Language) - Spanish Dominant,PK3,15,88,15,29,0
519,Marie Reed Elementary School (Dual Language) - Spanish Dominant,PK4,5,34,5,7,3
520,Marie Reed Elementary School (Dual Language) - Spanish Dominant,K,4,15,4,3,1
521,Marie Reed Elementary School (Dual Language) - Spanish Dominant,1,0,10,0,7,0
522,Maury Elementary School,PK3,36,575,36,173,0
523,Maury Elementary School,PK4,8,279,8,166,0
524,Maury Elementary School,K,12,189,12,95,2
525,Maury Elementary School,1,0,110,0,70,0
526,Maury Elementary School,2,0,115,0,72,0
527,Maury Elementary School,3,0,87,0,54,0
528,Maury Elementary School,4,0,68,0,41,0
529,Maury Elementary School,5,0,46,0,17,0
530,McKinley Middle School,6,68,109,42,0,37
531,McKinley Middle School,7,20,46,15,1,15
532,McKinley Middle School,8,10,33,10,8,10
533,McKinley Technology High School,9,300,1217,176,0,0
534,McKinley Technology High School,10,15,80,9,0,0
535,McKinley Technology High School,11,5,53,0,0,0
536,Military Road Early Learning Center,PK3,22,161,22,11,21
537,Military Road Early Learning Center,PK4,21,36,12,0,12
538,Military Road Early Learning Center - Equitable Access,PK3,6,24,6,1,6
539,Military Road Early Learning Center - Equitable Access,PK4,5,5,1,0,1
540,Miner Elementary School,PK3,51,215,51,8,18
541,Miner Elementary School,PK4,47,37,15,0,7
542,Miner Elementary School,K,15,17,3,0,1
543,Miner Elementary School,1,6,14,6,1,5
544,Miner Elementary School,2,8,12,4,0,4
545,Miner Elementary School,3,4,8,4,0,4
546,Miner Elementary School,4,3,3,2,0,2
547,Miner Elementary School,5,3,10,2,0,2
548,Moten Elementary School,PK3,35,28,6,0,2
549,Moten Elementary School,PK4,31,12,2,0,0
550,Moten Elementary School,K,20,7,1,0,1
551,Moten Elementary School,1,7,5,1,0,0
552,Moten Elementary School,2,5,3,1,0,0
553,Moten Elementary School,3,4,3,0,0,0
554,Moten Elementary School,4,4,3,2,0,2
555,Moten Elementary School,5,3,2,1,0,1
556,Murch Elementary School,PK4,57,293,57,104,0
557,Murch Elementary School,K,0,122,0,73,0
558,Murch Elementary School,1,0,82,0,60,0
559,Murch Elementary School,2,0,105,0,85,0
560,Murch Elementary School,3,0,77,0,61,0
561,Murch Elementary School,4,0,69,0,55,0
562,Murch Elementary School,5,0,55,0,23,0
563,Nalle Elementary School,PK3,26,26,3,0,1
564,Nalle Elementary School,PK4,2,12,2,4,0
565,Nalle Elementary School,K,19,7,1,0,1
566,Nalle Elementary School,1,14,4,0,0,0
567,Nalle Elementary School,2,5,5,2,0,1
568,Nalle Elementary School,3,8,2,1,0,1
569,Nalle Elementary School,4,18,3,2,0,1
570,Nalle Elementary School,5,5,2,1,0,1
571,Nalle Montessori,PK3,15,35,5,1,4
572,Nalle Montessori,PK4,9,8,3,0,2
573,Nalle Montessori,K,1,5,1,4,0
574,Nalle Montessori,1,0,4,0,2,0
575,Nalle Montessori,2,0,3,0,2,0
576,Nalle Montessori,3,0,0,0,0,0
577,Nalle Montessori,4,0,4,0,2,0
578,Nalle Montessori,5,0,2,0,0,0
579,Noyes Elementary School,PK3,25,90,25,0,0
580,Noyes Elementary School,PK4,23,18,3,0,0
581,Noyes Elementary School,K,15,15,4,0,2
582,Noyes Elementary School,1,5,4,2,0,1
583,Noyes Elementary School,2,20,10,2,0,1
584,Noyes Elementary School,3,4,6,2,0,2
585,Noyes Elementary School,4,7,13,5,0,5
586,Noyes Elementary School,5,16,5,0,0,0
587,Oyster-Adams Bilingual School (Adams),4,0,84,0,72,0
588,Oyster-Adams Bilingual School (Adams),5,0,77,0,40,0
589,Oyster-Adams Bilingual School (Adams),6,0,184,0,62,0
590,Oyster-Adams Bilingual School (Adams),7,0,49,0,36,0
591,Oyster-Adams Bilingual School (Adams),8,0,41,0,27,0
592,Oyster-Adams Bilingual School (Oyster),2,0,79,0,66,0
593,Oyster-Adams Bilingual School (Oyster),3,0,73,0,58,0
594,Oyster-Adams Bilingual School (Oyster) - English Dominant,PK4,3,281,3,158,0
595,Oyster-Adams Bilingual School (Oyster) - English Dominant,K,0,158,0,94,0
596,Oyster-Adams Bilingual School (Oyster) - English Dominant,1,0,102,0,71,0
597,Oyster-Adams Bilingual School (Oyster) - Spanish Dominant,PK4,35,74,35,29,18
598,Oyster-Adams Bilingual School (Oyster) - Spanish Dominant,K,0,33,0,16,0
599,Oyster-Adams Bilingual School (Oyster) - Spanish Dominant,1,0,20,0,16,0
600,Patterson Elementary School,PK3,25,18,6,0,2
601,Patterson Elementary School,PK4,15,9,3,0,2
602,Patterson Elementary School,K,15,8,2,0,2
603,Patterson Elementary School,1,7,2,1,0,1
604,Patterson Elementary School,2,5,6,1,0,1
605,Patterson Elementary School,3,4,4,1,0,1
606,Patterson Elementary School,4,6,7,2,0,2
607,Patterson Elementary School,5,4,2,1,0,1
608,Payne Elementary School,PK3,44,303,44,63,0
609,Payne Elementary School,PK4,19,96,19,31,4
610,Payne Elementary School,K,20,59,20,3,14
611,Payne Elementary School,1,5,28,5,6,5
612,Payne Elementary School,2,11,33,11,3,11
613,Payne Elementary School,3,2,15,2,6,0
614,Payne Elementary School,4,9,27,9,3,9
615,Payne Elementary School,5,0,10,0,4,0
616,Peabody Elementary School,PK3,59,453,59,98,0
617,Peabody Elementary School,PK4,28,134,28,64,0
618,Peabody Elementary School,K,25,80,25,15,19
619,"Phelps Architecture, Construction and Engineering High School",9,273,273,85,0,0
620,"Phelps Architecture, Construction and Engineering High School",10,10,10,1,0,0
621,"Phelps Architecture, Construction and Engineering High School",11,12,12,0,0,0
622,Plummer Elementary School,PK3,31,39,10,0,3
623,Plummer Elementary School,PK4,10,8,2,0,0
624,Plummer Elementary School,K,20,11,0,0,0
625,Plummer Elementary School,1,11,9,2,0,0
626,Plummer Elementary School,2,5,4,2,0,2
627,Plummer Elementary School,3,5,5,1,0,1
628,Plummer Elementary School,4,6,4,2,0,2
629,Plummer Elementary School,5,6,2,0,0,0
630,Powell Elementary School (Dual Language),2,2,21,2,8,1
631,Powell Elementary School (Dual Language),3,3,16,3,6,3
632,Powell Elementary School (Dual Language),4,3,9,3,4,3
633,Powell Elementary School (Dual Language),5,0,5,0,2,0
634,Powell Elementary School (Dual Language) - English Dominant,PK3,23,263,23,59,0
635,Powell Elementary School (Dual Language) - English Dominant,PK4,5,85,5,42,0
636,Powell Elementary School (Dual Language) - English Dominant,K,15,52,15,8,15
637,Powell Elementary School (Dual Language) - English Dominant,1,3,28,3,13,2
638,Powell Elementary School (Dual Language) - Spanish Dominant,PK3,16,66,16,14,0
639,Powell Elementary School (Dual Language) - Spanish Dominant,PK4,3,30,3,19,0
640,Powell Elementary School (Dual Language) - Spanish Dominant,K,10,19,10,2,9
641,Powell Elementary School (Dual Language) - Spanish Dominant,1,3,7,3,2,2
642,Randle Highlands Elementary School,PK3,30,58,21,0,9
643,Randle Highlands Elementary School,PK4,32,18,6,0,4
644,Randle Highlands Elementary School,K,15,7,2,0,2
645,Randle Highlands Elementary School,1,6,8,2,0,1
646,Randle Highlands Elementary School,2,8,11,3,0,2
647,Randle Highlands Elementary School,3,10,7,3,0,3
648,Randle Highlands Elementary School,4,14,8,2,0,2
649,Randle Highlands Elementary School,5,5,4,0,0,0
650,Raymond Elementary School,PK3,44,100,26,0,12
651,Raymond Elementary School,PK4,35,20,10,0,3
652,Raymond Elementary School,K,18,4,1,0,0
653,Raymond Elementary School,1,7,6,2,0,2
654,Raymond Elementary School,2,7,5,2,0,1
655,Raymond Elementary School,3,7,6,2,0,1
656,Raymond Elementary School,4,6,1,1,0,0
657,Raymond Elementary School,5,4,4,2,0,2
658,Ron Brown College Preparatory High School,9,167,167,52,1,52
659,Ron Brown College Preparatory High School,10,21,21,5,0,5
660,Ron Brown College Preparatory High School,11,19,19,9,0,9
661,Ron Brown College Preparatory High School,12,5,5,3,0,3
662,Roosevelt High School,9,150,387,110,0,101
663,Roosevelt High School,10,0,70,0,16,0
664,Roosevelt High School,11,0,49,0,22,0
665,Roosevelt High School,12,0,31,0,11,0
666,Roosevelt High School (Dual Language),9,20,65,19,0,18
667,Roosevelt High School (Dual Language),10,2,17,2,5,2
668,Roosevelt High School (Dual Language),11,3,18,3,8,3
669,Roosevelt High School (Dual Language),12,3,8,3,2,2
670,Ross Elementary School,PK4,19,167,19,86,0
671,Ross Elementary School,K,0,110,0,59,0
672,Ross Elementary School,1,0,70,0,36,0
673,Ross Elementary School,2,0,65,0,43,0
674,Ross Elementary School,3,0,48,0,33,0
675,Ross Elementary School,4,0,38,0,26,0
676,Ross Elementary School,5,0,35,0,14,0
677,Savoy Elementary School,PK3,28,25,6,0,2
678,Savoy Elementary School,PK4,17,14,4,0,3
679,Savoy Elementary School,K,12,7,0,0,0
680,Savoy Elementary School,1,10,6,2,0,1
681,Savoy Elementary School,2,12,4,1,0,0
682,Savoy Elementary School,3,6,1,0,0,0
683,Savoy Elementary School,4,6,3,1,0,1
684,Savoy Elementary School,5,4,2,1,0,1
685,School Without Walls @ Francis-Stevens,PK3,33,375,33,81,12
686,School Without Walls @ Francis-Stevens,PK4,20,111,20,31,16
687,School Without Walls @ Francis-Stevens,K,7,58,7,20,6
688,School Without Walls @ Francis-Stevens,1,2,55,2,23,0
689,School Without Walls @ Francis-Stevens,2,6,55,6,24,6
690,School Without Walls @ Francis-Stevens,3,12,65,12,25,10
691,School Without Walls @ Francis-Stevens,4,5,42,5,19,4
692,School Without Walls @ Francis-Stevens,5,0,103,0,26,0
693,School Without Walls @ Francis-Stevens,6,15,274,15,80,11
694,School Without Walls @ Francis-Stevens,7,4,123,4,63,4
695,School Without Walls @ Francis-Stevens,8,0,84,0,48,0
696,School Without Walls High School,9,190,1627,190,148,0
697,School Without Walls High School,10,0,168,0,10,0
698,School Without Walls High School,11,0,107,0,7,0
699,School Without Walls High School,12,0,30,0,1,0
700,School-Within-School,PK3,22,659,22,233,10
701,School-Within-School,PK4,6,284,6,190,6
702,School-Within-School,K,5,216,5,124,4
703,School-Within-School,1,3,149,3,116,2
704,School-Within-School,2,1,120,1,85,0
705,School-Within-School,3,2,104,2,72,2
706,School-Within-School,4,2,66,2,32,1
707,School-Within-School,5,0,42,0,13,0
708,School-Within-School - Equitable Access,PK3,6,0,6,4,6
709,School-Within-School - Equitable Access,PK4,0,0,0,12,0
710,Seaton Elementary School,PK3,43,228,43,45,0
711,Seaton Elementary School,PK4,16,58,16,10,10
712,Seaton Elementary School,K,18,30,10,0,8
713,Seaton Elementary School,1,1,10,1,1,1
714,Seaton Elementary School,2,4,14,4,2,4
715,Seaton Elementary School,3,4,14,2,0,2
716,Seaton Elementary School,4,1,10,1,7,1
717,Seaton Elementary School,5,1,10,1,0,1
718,Shepherd Elementary School,PK3,28,271,28,75,0
719,Shepherd Elementary School,PK4,10,138,10,83,0
720,Shepherd Elementary School,K,3,93,3,60,0
721,Shepherd Elementary School,1,6,71,6,45,6
722,Shepherd Elementary School,2,4,69,4,43,4
723,Shepherd Elementary School,3,0,59,0,43,0
724,Shepherd Elementary School,4,0,45,0,37,0
725,Shepherd Elementary School,5,0,45,0,20,0
726,Simon Elementary School,PK3,21,26,13,0,0
727,Simon Elementary School,PK4,15,12,5,0,1
728,Simon Elementary School,K,15,9,0,0,0
729,Simon Elementary School,1,5,4,1,0,1
730,Simon Elementary School,2,8,2,0,0,0
731,Simon Elementary School,3,5,7,3,0,3
732,Simon Elementary School,4,7,6,0,0,0
733,Simon Elementary School,5,5,5,1,0,1
734,Smothers Elementary School,PK3,28,34,15,1,8
735,Smothers Elementary School,PK4,23,8,3,0,2
736,Smothers Elementary School,K,10,9,2,0,2
737,Smothers Elementary School,1,8,5,0,0,0
738,Smothers Elementary School,2,12,4,0,0,0
739,Smothers Elementary School,3,6,3,0,0,0
740,Smothers Elementary School,4,5,3,1,0,1
741,Smothers Elementary School,5,1,3,0,0,0
742,Sousa Middle School,6,30,9,2,0,0
743,Sousa Middle School,7,20,9,5,0,5
744,Sousa Middle School,8,20,3,2,0,2
745,Stanton Elementary School,PK3,27,29,12,0,0
746,Stanton Elementary School,PK4,31,19,7,0,3
747,Stanton Elementary School,K,10,7,1,0,1
748,Stanton Elementary School,1,16,6,1,0,1
749,Stanton Elementary School,2,5,5,2,0,2
750,Stanton Elementary School,3,6,6,1,0,1
751,Stanton Elementary School,4,8,5,0,0,0
752,Stanton Elementary School,5,3,6,3,0,3
753,Stevens Early Learning Center,PK3,34,262,34,69,25
754,Stevens Early Learning Center,PK4,19,45,14,0,14
755,Stevens Early Learning Center - Equitable Access,PK3,9,0,3,0,2
756,Stevens Early Learning Center - Equitable Access,PK4,5,0,2,0,2
757,Stoddert Elementary School,PK4,19,247,19,108,0
758,Stoddert Elementary School,K,0,93,0,62,0
759,Stoddert Elementary School,1,0,62,0,39,0
760,Stoddert Elementary School,2,0,77,0,54,0
761,Stoddert Elementary School,3,0,56,0,35,0
762,Stoddert Elementary School,4,0,44,0,35,0
763,Stoddert Elementary School,5,0,41,0,18,0
764,Stuart-Hobson Middle School,6,20,164,20,48,16
765,Stuart-Hobson Middle School,7,0,79,0,43,0
766,Stuart-Hobson Middle School,8,0,37,0,29,0
767,Takoma Elementary School,PK3,40,203,40,18,0
768,Takoma Elementary School,PK4,14,58,14,16,0
769,Takoma Elementary School,K,21,27,12,1,10
770,Takoma Elementary School,1,3,16,3,5,2
771,Takoma Elementary School,2,7,18,7,3,4
772,Takoma Elementary School,3,7,18,7,4,7
773,Takoma Elementary School,4,7,13,7,2,7
774,Takoma Elementary School,5,4,9,4,0,4
775,Thomas Elementary School,PK3,43,25,8,0,1
776,Thomas Elementary School,PK4,18,9,4,0,0
777,Thomas Elementary School,K,15,4,2,0,2
778,Thomas Elementary School,1,3,1,1,0,1
779,Thomas Elementary School,2,2,1,1,0,1
780,Thomas Elementary School,3,3,1,0,0,0
781,Thomas Elementary School,4,3,2,0,0,0
782,Thomas Elementary School,5,3,1,0,0,0
783,Thomson Elementary School,PK3,36,154,36,22,13
784,Thomson Elementary School,PK4,14,27,14,2,4
785,Thomson Elementary School,K,20,17,5,1,5
786,Thomson Elementary School,1,10,6,3,0,3
787,Thomson Elementary School,2,5,5,2,0,2
788,Thomson Elementary School,3,10,10,6,0,6
789,Thomson Elementary School,4,6,6,0,0,0
790,Thomson Elementary School,5,3,7,2,0,2
791,Truesdell Elementary School,PK3,49,151,36,4,16
792,Truesdell Elementary School,PK4,27,24,13,0,4
793,Truesdell Elementary School,K,26,4,1,0,1
794,Truesdell Elementary School,1,3,7,2,1,2
795,Truesdell Elementary School,2,9,3,1,0,1
796,Truesdell Elementary School,3,3,9,3,2,3
797,Truesdell Elementary School,4,0,3,0,0,0
798,Truesdell Elementary School,5,0,1,0,0,0
799,Tubman Elementary School,PK3,26,147,26,21,0
800,Tubman Elementary School,PK4,0,44,0,18,0
801,Tubman Elementary School,K,36,26,16,0,13
802,Tubman Elementary School,1,2,11,2,3,1
803,Tubman Elementary School,2,22,7,1,0,1
804,Tubman Elementary School,3,5,8,2,0,2
805,Tubman Elementary School,4,3,5,2,0,2
806,Tubman Elementary School,5,3,4,3,1,3
807,Turner Elementary School,PK3,34,54,18,0,1
808,Turner Elementary School,PK4,8,24,8,4,0
809,Turner Elementary School,K,24,9,5,0,5
810,Turner Elementary School,1,16,6,3,0,1
811,Turner Elementary School,2,3,6,3,0,1
812,Turner Elementary School,3,6,3,0,0,0
813,Turner Elementary School,4,18,6,2,0,2
814,Turner Elementary School,5,6,5,2,0,2
815,Tyler Elementary School,K,12,57,12,11,10
816,Tyler Elementary School,1,11,30,11,4,9
817,Tyler Elementary School,2,16,36,16,7,13
818,Tyler Elementary School,3,12,35,11,0,11
819,Tyler Elementary School,4,9,24,8,0,8
820,Tyler Elementary School,5,0,14,0,5,0
821,Tyler Elementary School (Dual Language),2,5,32,5,13,0
822,Tyler Elementary School (Dual Language),3,8,27,8,5,5
823,Tyler Elementary School (Dual Language),4,0,14,0,10,0
824,Tyler Elementary School (Dual Language),5,2,11,2,0,1
825,Tyler Elementary School (Dual Language) - English Dominant,PK3,36,406,36,80,0
826,Tyler Elementary School (Dual Language) - English Dominant,PK4,10,155,10,65,0
827,Tyler Elementary School (Dual Language) - English Dominant,K,2,84,2,32,0
828,Tyler Elementary School (Dual Language) - English Dominant,1,0,58,0,33,0
829,Tyler Elementary School (Dual Language) - Spanish Dominant,PK3,23,21,13,0,10
830,Tyler Elementary School (Dual Language) - Spanish Dominant,PK4,10,11,9,0,7
831,Tyler Elementary School (Dual Language) - Spanish Dominant,K,2,6,2,1,2
832,Tyler Elementary School (Dual Language) - Spanish Dominant,1,6,1,0,0,0
833,Van Ness Elementary School,PK3,17,269,17,51,0
834,Van Ness Elementary School,PK4,7,101,7,39,0
835,Van Ness Elementary School,K,12,72,12,17,12
836,Van Ness Elementary School,1,8,41,8,7,6
837,Van Ness Elementary School,2,6,60,6,19,6
838,Van Ness Elementary School,3,5,54,5,12,5
839,Van Ness Elementary School,4,3,40,3,14,3
840,Van Ness Elementary School,5,0,29,0,12,0
841,Van Ness Elementary School - Equitable Access,PK3,9,0,9,1,0
842,Van Ness Elementary School - Equitable Access,PK4,3,0,1,0,0
843,Walker-Jones Education Campus,PK3,24,39,12,1,2
844,Walker-Jones Education Campus,PK4,27,13,2,0,2
845,Walker-Jones Education Campus,K,20,7,2,0,0
846,Walker-Jones Education Campus,1,5,4,0,0,0
847,Walker-Jones Education Campus,2,15,9,1,0,0
848,Walker-Jones Education Campus,3,8,5,2,0,1
849,Walker-Jones Education Campus,4,9,8,1,0,1
850,Walker-Jones Education Campus,5,15,2,1,0,1
851,Walker-Jones Education Campus,6,20,17,1,0,1
852,Walker-Jones Education Campus,7,10,8,0,0,0
853,Walker-Jones Education Campus,8,10,5,4,0,4
854,Watkins Elementary School,1,45,51,27,4,17
855,Watkins Elementary School,2,27,50,27,1,26
856,Watkins Elementary School,3,30,47,23,2,21
857,Watkins Elementary School,4,25,45,20,0,19
858,Watkins Elementary School,5,16,34,13,1,13
859,Wheatley Education Campus,PK3,34,75,22,0,5
860,Wheatley Education Campus,PK4,29,12,3,0,2
861,Wheatley Education Campus,K,5,6,1,0,1
862,Wheatley Education Campus,1,5,7,0,0,0
863,Wheatley Education Campus,2,3,4,1,1,0
864,Wheatley Education Campus,3,9,5,2,0,1
865,Wheatley Education Campus,4,2,6,2,0,2
866,Wheatley Education Campus,5,3,4,0,0,0
867,Wheatley Education Campus,6,5,23,3,1,3
868,Wheatley Education Campus,7,3,13,1,0,1
869,Wheatley Education Campus,8,0,6,0,1,0
870,Whittier Elementary School,PK3,36,184,36,14,4
871,Whittier Elementary School,PK4,8,56,8,16,0
872,Whittier Elementary School,K,14,28,12,2,8
873,Whittier Elementary School,1,3,18,3,3,2
874,Whittier Elementary School,2,12,17,7,0,7
875,Whittier Elementary School,3,1,10,1,6,1
876,Whittier Elementary School,4,11,11,4,0,4
877,Whittier Elementary School,5,5,16,5,1,5
878,Woodson High School,9,244,244,52,0,47
879,Woodson High School,10,32,42,11,0,9
880,Woodson High School,11,30,25,9,0,9
881,Woodson High School,12,9,15,8,0,8
